State,Filed_week_ended,Initial_Claims,Reflecting_Week_Ended,Continued_Claims,Covered_Employment,Insured_Unemployment_Rate
CA,1/1/2011,"73,293",12/25/2010,"603,897","14,229,335",4.24
CA,1/8/2011,"90,829",1/1/2011,"645,820","14,173,472",4.56
CA,1/15/2011,"76,520",1/8/2011,"679,492","14,173,472",4.79
CA,1/22/2011,"62,745",1/15/2011,"594,074","14,173,472",4.19
CA,1/29/2011,"75,019",1/22/2011,"650,368","14,173,472",4.59
CA,2/5/2011,"73,325",1/29/2011,"642,559","14,173,472",4.53
CA,2/12/2011,"70,262",2/5/2011,"627,285","14,173,472",4.43
CA,2/19/2011,"68,060",2/12/2011,"660,214","14,173,472",4.66
CA,2/26/2011,"55,330",2/19/2011,"572,701","14,173,472",4.04
CA,3/5/2011,"68,718",2/26/2011,"643,518","14,173,472",4.54
CA,3/12/2011,"63,228",3/5/2011,"614,229","14,173,472",4.33
CA,3/19/2011,"61,078",3/12/2011,"626,105","14,173,472",4.42
CA,3/26/2011,"64,658",3/19/2011,"603,901","14,173,472",4.26
CA,4/2/2011,"56,563",3/26/2011,"610,500","14,173,472",4.31
CA,4/9/2011,"82,209",4/2/2011,"584,805","14,155,103",4.13
CA,4/16/2011,"64,192",4/9/2011,"591,037","14,155,103",4.18
CA,4/23/2011,"63,828",4/16/2011,"579,312","14,155,103",4.09
CA,4/30/2011,"60,683",4/23/2011,"568,128","14,155,103",4.01
CA,5/7/2011,"64,698",4/30/2011,"573,156","14,155,103",4.05
CA,5/14/2011,"57,870",5/7/2011,"546,868","14,155,103",3.86
CA,5/21/2011,"64,923",5/14/2011,"548,959","14,155,103",3.88
CA,5/28/2011,"63,309",5/21/2011,"550,443","14,155,103",3.89
CA,6/4/2011,"60,799",5/28/2011,"484,936","14,155,103",3.43
CA,6/11/2011,"64,683",6/4/2011,"518,293","14,155,103",3.66
CA,6/18/2011,"69,076",6/11/2011,"534,857","14,155,103",3.78
CA,6/25/2011,"74,451",6/18/2011,"525,401","14,155,103",3.71
CA,7/2/2011,"76,392",6/25/2011,"534,804","14,155,103",3.78
CA,7/9/2011,"60,641",7/2/2011,"486,509","14,170,992",3.43
CA,7/16/2011,"81,454",7/9/2011,"557,226","14,170,992",3.93
CA,7/23/2011,"57,765",7/16/2011,"561,808","14,170,992",3.96
CA,7/30/2011,"56,781",7/23/2011,"557,342","14,170,992",3.93
CA,8/6/2011,"64,629",7/30/2011,"550,783","14,170,992",3.89
CA,8/13/2011,"53,717",8/6/2011,"527,554","14,170,992",3.72
CA,8/20/2011,"54,332",8/13/2011,"538,684","14,170,992",3.8
CA,8/27/2011,"57,669",8/20/2011,"523,603","14,170,992",3.69
CA,9/3/2011,"57,093",8/27/2011,"524,095","14,170,992",3.7
CA,9/10/2011,"53,772",9/3/2011,"475,227","14,170,992",3.35
CA,9/17/2011,"54,840",9/10/2011,"502,303","14,170,992",3.54
CA,9/24/2011,"53,619",9/17/2011,"489,962","14,170,992",3.46
CA,10/1/2011,"56,146",9/24/2011,"484,625","14,170,992",3.42
CA,10/8/2011,"70,028",10/1/2011,"472,893","14,206,272",3.33
CA,10/15/2011,"61,086",10/8/2011,"470,559","14,206,272",3.31
CA,10/22/2011,"68,262",10/15/2011,"487,093","14,206,272",3.43
CA,10/29/2011,"62,629",10/22/2011,"494,044","14,206,272",3.48
CA,11/5/2011,"64,078",10/29/2011,"491,546","14,206,272",3.46
CA,11/12/2011,"54,696",11/5/2011,"464,388","14,206,272",3.27
CA,11/19/2011,"73,916",11/12/2011,"529,514","14,206,272",3.73
CA,11/26/2011,"46,476",11/19/2011,"420,655","14,206,272",2.96
CA,12/3/2011,"74,256",11/26/2011,"575,228","14,206,272",4.05
CA,12/10/2011,"58,673",12/3/2011,"538,828","14,206,272",3.79
CA,12/17/2011,"63,427",12/10/2011,"539,118","14,206,272",3.79
CA,12/24/2011,"79,917",12/17/2011,"528,551","14,206,272",3.72
CA,12/31/2011,"55,948",12/24/2011,"516,961","14,206,272",3.64
CA,1/7/2012,"78,116",12/31/2011,"536,704","14,206,272",3.78
CA,1/14/2012,"79,798",1/7/2012,"571,648","14,214,535",4.02
CA,1/21/2012,"59,100",1/14/2012,"568,109","14,214,535",4
CA,1/28/2012,"63,671",1/21/2012,"570,411","14,214,535",4.01
CA,2/4/2012,"69,535",1/28/2012,"582,587","14,214,535",4.1
CA,2/11/2012,"61,073",2/4/2012,"566,150","14,214,535",3.98
CA,2/18/2012,"59,621",2/11/2012,"579,713","14,214,535",4.08
CA,2/25/2012,"55,090",2/18/2012,"547,636","14,214,535",3.85
CA,3/3/2012,"59,410",2/25/2012,"575,234","14,214,535",4.05
CA,3/10/2012,"54,714",3/3/2012,"579,410","14,214,535",4.08
CA,3/17/2012,"53,111",3/10/2012,"560,516","14,214,535",3.94
CA,3/24/2012,"55,310",3/17/2012,"562,420","14,214,535",3.96
CA,3/31/2012,"54,627",3/24/2012,"560,127","14,214,535",3.94
CA,4/7/2012,"61,214",3/31/2012,"542,385","14,214,535",3.82
CA,4/14/2012,"64,274",4/7/2012,"543,929","14,265,490",3.81
CA,4/21/2012,"63,217",4/14/2012,"546,327","14,265,490",3.83
CA,4/28/2012,"56,427",4/21/2012,"532,644","14,265,490",3.73
CA,5/5/2012,"58,040",4/28/2012,"523,775","14,265,490",3.67
CA,5/12/2012,"54,562",5/5/2012,"508,470","14,265,490",3.56
CA,5/19/2012,"57,278",5/12/2012,"510,048","14,265,490",3.58
CA,5/26/2012,"56,934",5/19/2012,"481,791","14,265,490",3.38
CA,6/2/2012,"52,766",5/26/2012,"464,868","14,265,490",3.26
CA,6/9/2012,"65,753",6/2/2012,"474,722","14,265,490",3.33
CA,6/16/2012,"57,737",6/9/2012,"483,295","14,265,490",3.39
CA,6/23/2012,"65,976",6/16/2012,"477,201","14,265,490",3.35
CA,6/30/2012,"67,021",6/23/2012,"477,971","14,265,490",3.35
CA,7/7/2012,"58,005",6/30/2012,"446,885","14,265,490",3.13
CA,7/14/2012,"84,249",7/7/2012,"492,307","14,313,238",3.44
CA,7/21/2012,"52,142",7/14/2012,"511,942","14,313,238",3.58
CA,7/28/2012,"47,404",7/21/2012,"506,841","14,313,238",3.54
CA,8/4/2012,"50,473",7/28/2012,"500,102","14,313,238",3.49
CA,8/11/2012,"58,414",8/4/2012,"497,159","14,313,238",3.47
CA,8/18/2012,"52,865",8/11/2012,"482,250","14,313,238",3.37
CA,8/25/2012,"51,108",8/18/2012,"495,432","14,313,238",3.46
CA,9/1/2012,"51,062",8/25/2012,"477,821","14,313,238",3.34
CA,9/8/2012,"42,899",9/1/2012,"437,339","14,313,238",3.06
CA,9/15/2012,"61,421",9/8/2012,"449,337","14,313,238",3.14
CA,9/22/2012,"47,894",9/15/2012,"464,722","14,313,238",3.25
CA,9/29/2012,"49,963",9/22/2012,"448,847","14,313,238",3.14
CA,10/6/2012,"44,984",9/29/2012,"452,530","14,313,238",3.16
CA,10/13/2012,"71,919",10/6/2012,"428,546","14,405,801",2.97
CA,10/20/2012,"55,333",10/13/2012,"446,781","14,405,801",3.1
CA,10/27/2012,"56,472",10/20/2012,"457,896","14,405,801",3.18
CA,11/3/2012,"48,323",10/27/2012,"429,239","14,405,801",2.98
CA,11/10/2012,"73,016",11/3/2012,"465,727","14,405,801",3.23
CA,11/17/2012,"46,679",11/10/2012,"424,226","14,405,801",2.94
CA,11/24/2012,"39,626",11/17/2012,"386,244","14,405,801",2.68
CA,12/1/2012,"64,037",11/24/2012,"504,047","14,405,801",3.5
CA,12/8/2012,"69,989",12/1/2012,"480,087","14,405,801",3.33
CA,12/15/2012,"63,122",12/8/2012,"505,927","14,405,801",3.51
CA,12/22/2012,"51,333",12/15/2012,"488,724","14,405,801",3.39
CA,12/29/2012,"53,345",12/22/2012,"476,587","14,405,801",3.31
CA,1/5/2013,"62,036",12/29/2012,"495,994","14,405,801",3.44
CA,1/12/2013,"72,268",1/5/2013,"531,567","14,454,680",3.68
CA,1/19/2013,"68,650",1/12/2013,"513,167","14,454,680",3.55
CA,1/26/2013,"48,236",1/19/2013,"515,609","14,454,680",3.57
CA,2/2/2013,"60,020",1/26/2013,"548,829","14,454,680",3.8
CA,2/9/2013,"55,190",2/2/2013,"522,272","14,454,680",3.61
CA,2/16/2013,"81,873",2/9/2013,"556,801","14,454,680",3.85
CA,2/23/2013,"41,521",2/16/2013,"480,702","14,454,680",3.33
CA,3/2/2013,"53,241",2/23/2013,"540,456","14,454,680",3.74
CA,3/9/2013,"47,052",3/2/2013,"500,748","14,454,680",3.46
CA,3/16/2013,"50,059",3/9/2013,"530,818","14,454,680",3.67
CA,3/23/2013,"58,771",3/16/2013,"526,334","14,454,680",3.64
CA,3/30/2013,"56,110",3/23/2013,"547,144","14,454,680",3.79
CA,4/6/2013,"43,217",3/30/2013,"494,955","14,454,680",3.42
CA,4/13/2013,"67,520",4/6/2013,"494,422","14,577,342",3.39
CA,4/20/2013,"50,839",4/13/2013,"491,553","14,577,342",3.37
CA,4/27/2013,"47,118",4/20/2013,"465,720","14,577,342",3.19
CA,5/4/2013,"47,193",4/27/2013,"499,308","14,577,342",3.43
CA,5/11/2013,"62,253",5/4/2013,"478,472","14,577,342",3.28
CA,5/18/2013,"45,919",5/11/2013,"421,478","14,577,342",2.89
CA,5/25/2013,"54,541",5/18/2013,"473,416","14,577,342",3.25
CA,6/1/2013,"45,745",5/25/2013,"422,951","14,577,342",2.9
CA,6/8/2013,"44,536",6/1/2013,"420,814","14,577,342",2.89
CA,6/15/2013,"59,877",6/8/2013,"457,250","14,577,342",3.14
CA,6/22/2013,"66,058",6/15/2013,"443,420","14,577,342",3.04
CA,6/29/2013,"56,735",6/22/2013,"438,935","14,577,342",3.01
CA,7/6/2013,"52,470",6/29/2013,"460,771","14,577,342",3.16
CA,7/13/2013,"59,269",7/6/2013,"558,161","14,692,916",3.8
CA,7/20/2013,"66,992",7/13/2013,"504,844","14,692,916",3.44
CA,7/27/2013,"45,513",7/20/2013,"441,122","14,692,916",3
CA,8/3/2013,"49,228",7/27/2013,"498,413","14,692,916",3.39
CA,8/10/2013,"45,123",8/3/2013,"439,914","14,692,916",2.99
CA,8/17/2013,"50,990",8/10/2013,"484,069","14,692,916",3.29
CA,8/24/2013,"48,446",8/17/2013,"458,852","14,692,916",3.12
CA,8/31/2013,"43,458",8/24/2013,"424,986","14,692,916",2.89
CA,9/7/2013,"18,046",8/31/2013,"302,786","14,692,916",2.06
CA,9/14/2013,"40,657",9/7/2013,"306,763","14,692,916",2.09
CA,9/21/2013,"36,903",9/14/2013,"356,924","14,692,916",2.43
CA,9/28/2013,"37,948",9/21/2013,"441,211","14,692,916",3
CA,10/5/2013,"71,602",9/28/2013,"428,705","14,692,916",2.92
CA,10/12/2013,"83,383",10/5/2013,"375,783","14,813,922",2.54
CA,10/19/2013,"70,350",10/12/2013,"399,840","14,813,922",2.7
CA,10/26/2013,"65,890",10/19/2013,"442,939","14,813,922",2.99
CA,11/2/2013,"63,422",10/26/2013,"426,251","14,813,922",2.88
CA,11/9/2013,"68,159",11/2/2013,"384,958","14,813,922",2.6
CA,11/16/2013,"63,515",11/9/2013,"411,257","14,813,922",2.78
CA,11/23/2013,"71,841",11/16/2013,"459,808","14,813,922",3.1
CA,11/30/2013,"51,921",11/23/2013,"360,981","14,813,922",2.44
CA,12/7/2013,"73,797",11/30/2013,"505,600","14,813,922",3.41
CA,12/14/2013,"78,419",12/7/2013,"486,723","14,813,922",3.29
CA,12/21/2013,"72,990",12/14/2013,"497,644","14,813,922",3.36
CA,12/28/2013,"58,355",12/21/2013,"411,286","14,813,922",2.78
CA,1/4/2014,"54,871",12/28/2013,"472,222","14,813,922",3.19
CA,1/11/2014,"63,190",1/4/2014,"526,165","14,948,302",3.52
CA,1/18/2014,"74,898",1/11/2014,"526,131","14,948,302",3.52
CA,1/25/2014,"72,535",1/18/2014,"488,316","14,948,302",3.27
CA,2/1/2014,"62,904",1/25/2014,"515,291","14,948,302",3.45
CA,2/8/2014,"64,049",2/1/2014,"549,507","14,948,302",3.68
CA,2/15/2014,"69,881",2/8/2014,"545,367","14,948,302",3.65
CA,2/22/2014,"64,908",2/15/2014,"531,405","14,948,302",3.55
CA,3/1/2014,"59,143",2/22/2014,"546,744","14,948,302",3.66
CA,3/8/2014,"57,881",3/1/2014,"545,757","14,948,302",3.65
CA,3/15/2014,"61,070",3/8/2014,"542,770","14,948,302",3.63
CA,3/22/2014,"52,345",3/15/2014,"504,565","14,948,302",3.38
CA,3/29/2014,"69,971",3/22/2014,"534,434","14,948,302",3.58
CA,4/5/2014,"56,079",3/29/2014,"482,835","14,948,302",3.23
CA,4/12/2014,"65,292",4/5/2014,"469,187","15,023,327",3.12
CA,4/19/2014,"62,405",4/12/2014,"475,987","15,023,327",3.17
CA,4/26/2014,"61,168",4/19/2014,"486,463","15,023,327",3.24
CA,5/3/2014,"57,455",4/26/2014,"471,942","15,023,327",3.14
CA,5/10/2014,"49,804",5/3/2014,"451,843","15,023,327",3.01
CA,5/17/2014,"54,281",5/10/2014,"446,698","15,023,327",2.97
CA,5/24/2014,"53,111",5/17/2014,"431,112","15,023,327",2.87
CA,5/31/2014,"51,167",5/24/2014,"402,159","15,023,327",2.68
CA,6/7/2014,"61,102",5/31/2014,"425,034","15,023,327",2.83
CA,6/14/2014,"61,772",6/7/2014,"416,501","15,023,327",2.77
CA,6/21/2014,"62,327",6/14/2014,"414,824","15,023,327",2.76
CA,6/28/2014,"55,033",6/21/2014,"409,662","15,023,327",2.73
CA,7/5/2014,"51,025",6/28/2014,"390,393","15,023,327",2.6
CA,7/12/2014,"62,151",7/5/2014,"419,338","15,136,344",2.77
CA,7/19/2014,"55,929",7/12/2014,"421,331","15,136,344",2.78
CA,7/26/2014,"54,180",7/19/2014,"416,442","15,136,344",2.75
CA,8/2/2014,"44,936",7/26/2014,"416,489","15,136,344",2.75
CA,8/9/2014,"55,043",8/2/2014,"423,628","15,136,344",2.8
CA,8/16/2014,"46,272",8/9/2014,"399,371","15,136,344",2.64
CA,8/23/2014,"47,139",8/16/2014,"405,581","15,136,344",2.68
CA,8/30/2014,"48,702",8/23/2014,"390,512","15,136,344",2.58
CA,9/6/2014,"37,734",8/30/2014,"348,517","15,136,344",2.3
CA,9/13/2014,"43,003",9/6/2014,"365,470","15,136,344",2.41
CA,9/20/2014,"51,833",9/13/2014,"386,612","15,136,344",2.55
CA,9/27/2014,"44,118",9/20/2014,"370,329","15,136,344",2.45
CA,10/4/2014,"45,943",9/27/2014,"350,650","15,136,344",2.32
CA,10/11/2014,"46,671",10/4/2014,"354,764","15,245,478",2.33
CA,10/18/2014,"49,425",10/11/2014,"339,212","15,245,478",2.23
CA,10/25/2014,"52,364",10/18/2014,"385,623","15,245,478",2.53
CA,11/1/2014,"48,514",10/25/2014,"352,776","15,245,478",2.31
CA,11/8/2014,"58,026",11/1/2014,"386,772","15,245,478",2.54
CA,11/15/2014,"40,438",11/8/2014,"351,320","15,245,478",2.3
CA,11/22/2014,"59,611",11/15/2014,"386,060","15,245,478",2.53
CA,11/29/2014,"45,792",11/22/2014,"315,741","15,245,478",2.07
CA,12/6/2014,"51,843",11/29/2014,"448,997","15,245,478",2.95
CA,12/13/2014,"63,637",12/6/2014,"387,307","15,245,478",2.54
CA,12/20/2014,"47,498",12/13/2014,"429,063","15,245,478",2.81
CA,12/27/2014,"54,045",12/20/2014,"377,231","15,245,478",2.47
CA,1/3/2015,"40,784",12/27/2014,"420,154","15,245,478",2.76
CA,1/10/2015,"66,906",1/3/2015,"423,923","15,354,250",2.76
CA,1/17/2015,"62,191",1/10/2015,"464,163","15,354,250",3.02
CA,1/24/2015,"40,605",1/17/2015,"390,977","15,354,250",2.55
CA,1/31/2015,"58,673",1/24/2015,"468,557","15,354,250",3.05
CA,2/7/2015,"61,006",1/31/2015,"431,740","15,354,250",2.81
CA,2/14/2015,"46,871",2/7/2015,"452,876","15,354,250",2.95
CA,2/21/2015,"43,039",2/14/2015,"420,633","15,354,250",2.74
CA,2/28/2015,"47,589",2/21/2015,"453,566","15,354,250",2.95
CA,3/7/2015,"45,764",2/28/2015,"444,014","15,354,250",2.89
CA,3/14/2015,"46,784",3/7/2015,"432,241","15,354,250",2.82
CA,3/21/2015,"44,249",3/14/2015,"458,111","15,354,250",2.98
CA,3/28/2015,"43,250",3/21/2015,"419,464","15,354,250",2.73
CA,4/4/2015,"39,603",3/28/2015,"401,616","15,354,250",2.62
CA,4/11/2015,"50,178",4/4/2015,"384,669","15,525,569",2.48
CA,4/18/2015,"51,521",4/11/2015,"403,219","15,525,569",2.6
CA,4/25/2015,"47,303",4/18/2015,"411,700","15,525,569",2.65
CA,5/2/2015,"45,550",4/25/2015,"393,899","15,525,569",2.54
CA,5/9/2015,"45,289",5/2/2015,"397,919","15,525,569",2.56
CA,5/16/2015,"42,759",5/9/2015,"372,770","15,525,569",2.4
CA,5/23/2015,"42,678",5/16/2015,"375,918","15,525,569",2.42
CA,5/30/2015,"34,787",5/23/2015,"327,528","15,525,569",2.11
CA,6/6/2015,"45,704",5/30/2015,"368,285","15,525,569",2.37
CA,6/13/2015,"43,112",6/6/2015,"347,060","15,525,569",2.24
CA,6/20/2015,"45,297",6/13/2015,"358,319","15,525,569",2.31
CA,6/27/2015,"48,227",6/20/2015,"347,736","15,525,569",2.24
CA,7/4/2015,"53,941",6/27/2015,"372,194","15,525,569",2.4
CA,7/11/2015,"46,942",7/4/2015,"354,829","15,580,610",2.28
CA,7/18/2015,"48,890",7/11/2015,"356,765","15,580,610",2.29
CA,7/25/2015,"45,028",7/18/2015,"373,848","15,580,610",2.4
CA,8/1/2015,"41,871",7/25/2015,"365,036","15,580,610",2.34
CA,8/8/2015,"44,369",8/1/2015,"369,801","15,580,610",2.37
CA,8/15/2015,"44,200",8/8/2015,"354,167","15,580,610",2.27
CA,8/22/2015,"42,898",8/15/2015,"363,099","15,580,610",2.33
CA,8/29/2015,"41,597",8/22/2015,"355,479","15,580,610",2.28
CA,9/5/2015,"42,125",8/29/2015,"348,562","15,580,610",2.24
CA,9/12/2015,"36,839",9/5/2015,"322,058","15,580,610",2.07
CA,9/19/2015,"40,564",9/12/2015,"338,981","15,580,610",2.18
CA,9/26/2015,"40,180",9/19/2015,"336,664","15,580,610",2.16
CA,10/3/2015,"42,531",9/26/2015,"329,972","15,580,610",2.12
CA,10/10/2015,"44,298",10/3/2015,"313,322","15,685,876",2
CA,10/17/2015,"43,592",10/10/2015,"307,831","15,685,876",1.96
CA,10/24/2015,"45,861",10/17/2015,"329,502","15,685,876",2.1
CA,10/31/2015,"48,011",10/24/2015,"327,658","15,685,876",2.09
CA,11/7/2015,"47,675",10/31/2015,"331,961","15,685,876",2.12
CA,11/14/2015,"45,851",11/7/2015,"316,408","15,685,876",2.02
CA,11/21/2015,"53,792",11/14/2015,"351,182","15,685,876",2.24
CA,11/28/2015,"33,484",11/21/2015,"268,975","15,685,876",1.71
CA,12/5/2015,"55,971",11/28/2015,"425,481","15,685,876",2.71
CA,12/12/2015,"55,903",12/5/2015,"379,914","15,685,876",2.42
CA,12/19/2015,"53,000",12/12/2015,"387,490","15,685,876",2.47
CA,12/26/2015,"43,100",12/19/2015,"333,886","15,685,876",2.13
CA,1/2/2016,"40,909",12/26/2015,"378,586","15,685,876",2.41
CA,1/9/2016,"58,280",1/2/2016,"425,252","15,796,759",2.69
CA,1/16/2016,"74,705",1/9/2016,"421,761","15,796,759",2.67
CA,1/23/2016,"53,436",1/16/2016,"405,280","15,796,759",2.57
CA,1/30/2016,"50,563",1/23/2016,"426,884","15,796,759",2.7
CA,2/6/2016,"49,006",1/30/2016,"414,632","15,796,759",2.62
CA,2/13/2016,"47,599",2/6/2016,"417,123","15,796,759",2.64
CA,2/20/2016,"42,084",2/13/2016,"384,556","15,796,759",2.43
CA,2/27/2016,"46,430",2/20/2016,"435,303","15,796,759",2.76
CA,3/5/2016,"45,142",2/27/2016,"415,193","15,796,759",2.63
CA,3/12/2016,"46,501",3/5/2016,"427,541","15,796,759",2.71
CA,3/19/2016,"44,151",3/12/2016,"416,514","15,796,759",2.64
CA,3/26/2016,"43,613",3/19/2016,"411,440","15,796,759",2.6
CA,4/2/2016,"36,495",3/26/2016,"404,644","15,796,759",2.56
CA,4/9/2016,"49,058",4/2/2016,"385,140","15,932,223",2.42
CA,4/16/2016,"50,147",4/9/2016,"384,589","15,932,223",2.41
CA,4/23/2016,"46,601",4/16/2016,"393,885","15,932,223",2.47
CA,4/30/2016,"42,674",4/23/2016,"379,128","15,932,223",2.38
CA,5/7/2016,"41,853",4/30/2016,"373,021","15,932,223",2.34
CA,5/14/2016,"43,498",5/7/2016,"364,633","15,932,223",2.29
CA,5/21/2016,"40,546",5/14/2016,"359,256","15,932,223",2.25
CA,5/28/2016,"44,373",5/21/2016,"352,879","15,932,223",2.21
CA,6/4/2016,"35,335",5/28/2016,"315,430","15,932,223",1.98
CA,6/11/2016,"54,097",6/4/2016,"342,261","15,932,223",2.15
CA,6/18/2016,"44,571",6/11/2016,"344,787","15,932,223",2.16
CA,6/25/2016,"49,734",6/18/2016,"342,724","15,932,223",2.15
CA,7/2/2016,"45,915",6/25/2016,"354,923","15,932,223",2.23
CA,7/9/2016,"39,137",7/2/2016,"318,772","16,049,781",1.99
CA,7/16/2016,"44,078",7/9/2016,"358,938","16,049,781",2.24
CA,7/23/2016,"42,549",7/16/2016,"350,989","16,049,781",2.19
CA,7/30/2016,"43,036",7/23/2016,"358,923","16,049,781",2.24
CA,8/6/2016,"43,415",7/30/2016,"351,250","16,049,781",2.19
CA,8/13/2016,"41,738",8/6/2016,"354,052","16,049,781",2.21
CA,8/20/2016,"38,776",8/13/2016,"348,813","16,049,781",2.17
CA,8/27/2016,"40,404",8/20/2016,"359,363","16,049,781",2.24
CA,9/3/2016,"40,240",8/27/2016,"336,929","16,049,781",2.1
CA,9/10/2016,"35,613",9/3/2016,"317,781","16,049,781",1.98
CA,9/17/2016,"38,765",9/10/2016,"322,285","16,049,781",2.01
CA,9/24/2016,"38,021",9/17/2016,"322,607","16,049,781",2.01
CA,10/1/2016,"38,281",9/24/2016,"314,645","16,049,781",1.96
CA,10/8/2016,"43,422",10/1/2016,"320,241","16,170,165",1.98
CA,10/15/2016,"46,010",10/8/2016,"301,777","16,170,165",1.87
CA,10/22/2016,"44,406",10/15/2016,"319,330","16,170,165",1.97
CA,10/29/2016,"46,393",10/22/2016,"316,187","16,170,165",1.96
CA,11/5/2016,"47,345",10/29/2016,"320,612","16,170,165",1.98
CA,11/12/2016,"39,455",11/5/2016,"311,269","16,170,165",1.92
CA,11/19/2016,"53,669",11/12/2016,"353,912","16,170,165",2.19
CA,11/26/2016,"42,330",11/19/2016,"295,675","16,170,165",1.83
CA,12/3/2016,"53,810",11/26/2016,"383,139","16,170,165",2.37
CA,12/10/2016,"50,637",12/3/2016,"366,490","16,170,165",2.27
CA,12/17/2016,"50,254",12/10/2016,"377,184","16,170,165",2.33
CA,12/24/2016,"52,811",12/17/2016,"364,428","16,170,165",2.25
CA,12/31/2016,"37,975",12/24/2016,"349,709","16,170,165",2.16
TX,1/1/2011,"15,967",12/25/2010,"215,523","9,900,028",2.18
TX,1/8/2011,"29,795",1/1/2011,"208,196","9,900,028",2.1
TX,1/15/2011,"22,605",1/8/2011,"208,853","9,900,028",2.11
TX,1/22/2011,"18,281",1/15/2011,"202,404","9,900,028",2.04
TX,1/29/2011,"18,897",1/22/2011,"206,902","9,900,028",2.09
TX,2/5/2011,"15,240",1/29/2011,"194,441","9,929,409",1.96
TX,2/12/2011,"17,411",2/5/2011,"200,536","9,929,409",2.02
TX,2/19/2011,"16,580",2/12/2011,"194,315","9,929,409",1.96
TX,2/26/2011,"14,873",2/19/2011,"191,750","9,929,409",1.93
TX,3/5/2011,"17,701",2/26/2011,"186,312","9,929,409",1.88
TX,3/12/2011,"16,709",3/5/2011,"183,354","9,929,409",1.85
TX,3/19/2011,"15,622",3/12/2011,"181,406","9,929,409",1.83
TX,3/26/2011,"19,488",3/19/2011,"186,808","9,929,409",1.88
TX,4/2/2011,"16,575",3/26/2011,"176,443","9,929,409",1.78
TX,4/9/2011,"21,683",4/2/2011,"175,091","9,929,409",1.76
TX,4/16/2011,"17,801",4/9/2011,"171,736","9,929,409",1.73
TX,4/23/2011,"17,682",4/16/2011,"181,193","9,929,409",1.82
TX,4/30/2011,"18,678",4/23/2011,"171,437","9,929,409",1.73
TX,5/7/2011,"19,549",4/30/2011,"180,707","9,929,409",1.82
TX,5/14/2011,"18,431",5/7/2011,"172,421","9,929,409",1.74
TX,5/21/2011,"18,337",5/14/2011,"182,093","9,929,409",1.83
TX,5/28/2011,"17,678",5/21/2011,"173,286","9,929,409",1.75
TX,6/4/2011,"17,871",5/28/2011,"179,629","9,929,409",1.81
TX,6/11/2011,"21,204",6/4/2011,"176,189","9,929,409",1.77
TX,6/18/2011,"19,672",6/11/2011,"187,689","9,929,409",1.89
TX,6/25/2011,"19,620",6/18/2011,"186,474","9,929,409",1.88
TX,7/2/2011,"19,269",6/25/2011,"191,339","9,929,409",1.93
TX,7/9/2011,"20,025",7/2/2011,"183,057","9,976,569",1.83
TX,7/16/2011,"20,240",7/9/2011,"191,994","9,976,569",1.92
TX,7/23/2011,"19,439",7/16/2011,"194,360","9,976,569",1.95
TX,7/30/2011,"17,611",7/23/2011,"193,610","9,976,569",1.94
TX,8/6/2011,"18,985",7/30/2011,"192,466","9,976,569",1.93
TX,8/13/2011,"17,295",8/6/2011,"190,177","9,976,569",1.91
TX,8/20/2011,"17,824",8/13/2011,"193,051","9,976,569",1.94
TX,8/27/2011,"17,731",8/20/2011,"186,451","9,976,569",1.87
TX,9/3/2011,"18,970",8/27/2011,"187,100","9,976,569",1.88
TX,9/10/2011,"15,194",9/3/2011,"173,861","9,976,569",1.74
TX,9/17/2011,"17,271",9/10/2011,"183,571","9,976,569",1.84
TX,9/24/2011,"16,504",9/17/2011,"174,344","9,976,569",1.75
TX,10/1/2011,"16,382",9/24/2011,"180,896","9,976,569",1.81
TX,10/8/2011,"21,026",10/1/2011,"169,261","10,030,504",1.69
TX,10/15/2011,"17,537",10/8/2011,"174,199","10,030,504",1.74
TX,10/22/2011,"17,892",10/15/2011,"176,227","10,030,504",1.76
TX,10/29/2011,"17,538",10/22/2011,"174,692","10,030,504",1.74
TX,11/5/2011,"19,873",10/29/2011,"173,786","10,030,504",1.73
TX,11/12/2011,"17,042",11/5/2011,"170,215","10,030,504",1.7
TX,11/19/2011,"20,143",11/12/2011,"179,126","10,030,504",1.79
TX,11/26/2011,"11,600",11/19/2011,"168,824","10,030,504",1.68
TX,12/3/2011,"22,081",11/26/2011,"196,053","10,030,504",1.95
TX,12/10/2011,"18,101",12/3/2011,"173,402","10,030,504",1.73
TX,12/17/2011,"16,354",12/10/2011,"188,851","10,030,504",1.88
TX,12/24/2011,"15,478",12/17/2011,"175,238","10,030,504",1.75
TX,12/31/2011,"13,093",12/24/2011,"187,587","10,030,504",1.87
TX,1/7/2012,"27,039",12/31/2011,"195,298","10,092,403",1.94
TX,1/14/2012,"20,159",1/7/2012,"188,266","10,092,403",1.87
TX,1/21/2012,"16,128",1/14/2012,"184,056","10,092,403",1.82
TX,1/28/2012,"17,613",1/21/2012,"186,542","10,092,403",1.85
TX,2/4/2012,"16,983",1/28/2012,"176,585","10,092,403",1.75
TX,2/11/2012,"15,730",2/4/2012,"176,460","10,092,403",1.75
TX,2/18/2012,"15,549",2/11/2012,"172,258","10,092,403",1.71
TX,2/25/2012,"14,014",2/18/2012,"171,982","10,092,403",1.7
TX,3/3/2012,"16,130",2/25/2012,"168,795","10,092,403",1.67
TX,3/10/2012,"15,917",3/3/2012,"164,291","10,092,403",1.63
TX,3/17/2012,"14,130",3/10/2012,"162,134","10,092,403",1.61
TX,3/24/2012,"18,315",3/17/2012,"168,232","10,092,403",1.67
TX,3/31/2012,"15,365",3/24/2012,"158,508","10,092,403",1.57
TX,4/7/2012,"18,997",3/31/2012,"159,710","10,092,403",1.58
TX,4/14/2012,"17,012",4/7/2012,"154,326","10,158,134",1.52
TX,4/21/2012,"16,932",4/14/2012,"161,893","10,158,134",1.59
TX,4/28/2012,"17,169",4/21/2012,"155,800","10,158,134",1.53
TX,5/5/2012,"18,398",4/28/2012,"159,389","10,158,134",1.57
TX,5/12/2012,"16,952",5/5/2012,"152,911","10,158,134",1.51
TX,5/19/2012,"18,600",5/12/2012,"160,289","10,158,134",1.58
TX,5/26/2012,"18,224",5/19/2012,"155,767","10,158,134",1.53
TX,6/2/2012,"16,370",5/26/2012,"160,961","10,158,134",1.58
TX,6/9/2012,"20,398",6/2/2012,"158,108","10,158,134",1.56
TX,6/16/2012,"19,631",6/9/2012,"166,872","10,158,134",1.64
TX,6/23/2012,"19,471",6/16/2012,"171,800","10,158,134",1.69
TX,6/30/2012,"17,275",6/23/2012,"171,263","10,158,134",1.69
TX,7/7/2012,"18,599",6/30/2012,"169,403","10,158,134",1.67
TX,7/14/2012,"19,300",7/7/2012,"173,540","10,218,819",1.7
TX,7/21/2012,"17,402",7/14/2012,"180,015","10,218,819",1.76
TX,7/28/2012,"16,640",7/21/2012,"175,373","10,218,819",1.72
TX,8/4/2012,"17,304",7/28/2012,"179,792","10,218,819",1.76
TX,8/11/2012,"16,644",8/4/2012,"167,561","10,218,819",1.64
TX,8/18/2012,"17,161",8/11/2012,"175,896","10,218,819",1.72
TX,8/25/2012,"17,287",8/18/2012,"169,743","10,218,819",1.66
TX,9/1/2012,"18,091",8/25/2012,"172,902","10,218,819",1.69
TX,9/8/2012,"17,074",9/1/2012,"162,829","10,218,819",1.59
TX,9/15/2012,"16,711",9/8/2012,"166,291","10,218,819",1.63
TX,9/22/2012,"16,612",9/15/2012,"159,281","10,218,819",1.56
TX,9/29/2012,"15,739",9/22/2012,"161,004","10,218,819",1.58
TX,10/6/2012,"17,463",9/29/2012,"155,467","10,218,819",1.52
TX,10/13/2012,"18,792",10/6/2012,"154,715","10,288,056",1.5
TX,10/20/2012,"17,220",10/13/2012,"155,286","10,288,056",1.51
TX,10/27/2012,"16,681",10/20/2012,"157,327","10,288,056",1.53
TX,11/3/2012,"17,071",10/27/2012,"155,267","10,288,056",1.51
TX,11/10/2012,"18,603",11/3/2012,"153,932","10,288,056",1.5
TX,11/17/2012,"18,504",11/10/2012,"154,664","10,288,056",1.5
TX,11/24/2012,"12,079",11/17/2012,"151,754","10,288,056",1.48
TX,12/1/2012,"22,514",11/24/2012,"171,573","10,288,056",1.67
TX,12/8/2012,"18,664",12/1/2012,"160,836","10,288,056",1.56
TX,12/15/2012,"17,128",12/8/2012,"165,427","10,288,056",1.61
TX,12/22/2012,"16,952",12/15/2012,"161,742","10,288,056",1.57
TX,12/29/2012,"9,477",12/22/2012,"157,888","10,288,056",1.53
TX,1/5/2013,"18,146",12/29/2012,"170,461","10,288,056",1.66
TX,1/12/2013,"30,932",1/5/2013,"176,283","10,361,230",1.7
TX,1/19/2013,"20,484",1/12/2013,"176,204","10,361,230",1.7
TX,1/26/2013,"15,402",1/19/2013,"174,375","10,361,230",1.68
TX,2/2/2013,"17,473",1/26/2013,"169,383","10,361,230",1.63
TX,2/9/2013,"17,112",2/2/2013,"161,316","10,361,230",1.56
TX,2/16/2013,"16,273",2/9/2013,"164,350","10,361,230",1.59
TX,2/23/2013,"14,939",2/16/2013,"161,070","10,361,230",1.55
TX,3/2/2013,"15,746",2/23/2013,"161,576","10,361,230",1.56
TX,3/9/2013,"16,386",3/2/2013,"155,394","10,361,230",1.5
TX,3/16/2013,"15,569",3/9/2013,"155,283","10,361,230",1.5
TX,3/23/2013,"18,305",3/16/2013,"159,948","10,361,230",1.54
TX,3/30/2013,"14,816",3/23/2013,"156,099","10,361,230",1.51
TX,4/6/2013,"17,261",3/30/2013,"154,780","10,361,230",1.49
TX,4/13/2013,"20,311",4/6/2013,"152,539","10,435,895",1.46
TX,4/20/2013,"17,241",4/13/2013,"155,636","10,435,895",1.49
TX,4/27/2013,"16,799",4/20/2013,"158,224","10,435,895",1.52
TX,5/4/2013,"17,294",4/27/2013,"153,872","10,435,895",1.47
TX,5/11/2013,"17,368",5/4/2013,"154,424","10,435,895",1.48
TX,5/18/2013,"17,696",5/11/2013,"154,146","10,435,895",1.48
TX,5/25/2013,"17,088",5/18/2013,"160,262","10,435,895",1.54
TX,6/1/2013,"15,212",5/25/2013,"157,846","10,435,895",1.51
TX,6/8/2013,"18,219",6/1/2013,"162,735","10,435,895",1.56
TX,6/15/2013,"17,761",6/8/2013,"157,419","10,435,895",1.51
TX,6/22/2013,"17,997",6/15/2013,"168,380","10,435,895",1.61
TX,6/29/2013,"18,488",6/22/2013,"165,884","10,435,895",1.59
TX,7/6/2013,"15,355",6/29/2013,"166,061","10,435,895",1.59
TX,7/13/2013,"21,356",7/6/2013,"168,924","10,523,664",1.61
TX,7/20/2013,"18,971",7/13/2013,"172,801","10,523,664",1.64
TX,7/27/2013,"16,189",7/20/2013,"174,354","10,523,664",1.66
TX,8/3/2013,"17,340",7/27/2013,"171,760","10,523,664",1.63
TX,8/10/2013,"16,446",8/3/2013,"168,808","10,523,664",1.6
TX,8/17/2013,"16,226",8/10/2013,"170,198","10,523,664",1.62
TX,8/24/2013,"15,472",8/17/2013,"167,441","10,523,664",1.59
TX,8/31/2013,"15,764",8/24/2013,"166,723","10,523,664",1.58
TX,9/7/2013,"14,773",8/31/2013,"158,017","10,523,664",1.5
TX,9/14/2013,"16,054",9/7/2013,"159,589","10,523,664",1.52
TX,9/21/2013,"16,036",9/14/2013,"158,555","10,523,664",1.51
TX,9/28/2013,"14,781",9/21/2013,"156,252","10,523,664",1.48
TX,10/5/2013,"16,206",9/28/2013,"152,642","10,523,664",1.45
TX,10/12/2013,"16,283",10/5/2013,"148,347","10,605,732",1.4
TX,10/19/2013,"15,299",10/12/2013,"150,577","10,605,732",1.42
TX,10/26/2013,"16,070",10/19/2013,"151,533","10,605,732",1.43
TX,11/2/2013,"16,669",10/26/2013,"149,077","10,605,732",1.41
TX,11/9/2013,"18,405",11/2/2013,"149,903","10,605,732",1.41
TX,11/16/2013,"15,821",11/9/2013,"148,254","10,605,732",1.4
TX,11/23/2013,"17,920",11/16/2013,"158,104","10,605,732",1.49
TX,11/30/2013,"10,636",11/23/2013,"145,667","10,605,732",1.37
TX,12/7/2013,"20,397",11/30/2013,"171,698","10,605,732",1.62
TX,12/14/2013,"15,493",12/7/2013,"152,943","10,605,732",1.44
TX,12/21/2013,"16,033",12/14/2013,"166,582","10,605,732",1.57
TX,12/28/2013,"9,310",12/21/2013,"142,121","10,605,732",1.34
TX,1/4/2014,"15,948",12/28/2013,"168,844","10,605,732",1.59
TX,1/11/2014,"28,748",1/4/2014,"162,251","10,682,247",1.52
TX,1/18/2014,"19,959",1/11/2014,"177,750","10,682,247",1.66
TX,1/25/2014,"15,807",1/18/2014,"165,568","10,682,247",1.55
TX,2/1/2014,"16,699",1/25/2014,"175,551","10,682,247",1.64
TX,2/8/2014,"17,139",2/1/2014,"162,426","10,682,247",1.52
TX,2/15/2014,"15,530",2/8/2014,"168,332","10,682,247",1.58
TX,2/22/2014,"13,913",2/15/2014,"159,351","10,682,247",1.49
TX,3/1/2014,"15,158",2/22/2014,"164,833","10,682,247",1.54
TX,3/8/2014,"15,544",3/1/2014,"156,558","10,682,247",1.47
TX,3/15/2014,"14,171",3/8/2014,"159,410","10,682,247",1.49
TX,3/22/2014,"16,595",3/15/2014,"160,028","10,682,247",1.5
TX,3/29/2014,"14,774",3/22/2014,"157,872","10,682,247",1.48
TX,4/5/2014,"16,139",3/29/2014,"152,293","10,682,247",1.43
TX,4/12/2014,"17,931",4/5/2014,"149,872","10,761,074",1.39
TX,4/19/2014,"14,813",4/12/2014,"149,189","10,761,074",1.39
TX,4/26/2014,"15,360",4/19/2014,"154,065","10,761,074",1.43
TX,5/3/2014,"16,507",4/26/2014,"147,881","10,761,074",1.37
TX,5/10/2014,"16,130",5/3/2014,"147,494","10,761,074",1.37
TX,5/17/2014,"16,955",5/10/2014,"146,606","10,761,074",1.36
TX,5/24/2014,"16,695",5/17/2014,"149,847","10,761,074",1.39
TX,5/31/2014,"15,735",5/24/2014,"149,155","10,761,074",1.39
TX,6/7/2014,"17,835",5/31/2014,"151,074","10,761,074",1.4
TX,6/14/2014,"16,494",6/7/2014,"148,971","10,761,074",1.38
TX,6/21/2014,"16,722",6/14/2014,"155,551","10,761,074",1.45
TX,6/28/2014,"16,951",6/21/2014,"157,568","10,761,074",1.46
TX,7/5/2014,"14,028",6/28/2014,"151,934","10,761,074",1.41
TX,7/12/2014,"19,175",7/5/2014,"156,693","10,837,135",1.45
TX,7/19/2014,"16,211",7/12/2014,"155,648","10,837,135",1.44
TX,7/26/2014,"14,457",7/19/2014,"163,268","10,837,135",1.51
TX,8/2/2014,"14,149",7/26/2014,"152,760","10,837,135",1.41
TX,8/9/2014,"14,908",8/2/2014,"153,997","10,837,135",1.42
TX,8/16/2014,"13,858",8/9/2014,"147,195","10,837,135",1.36
TX,8/23/2014,"14,166",8/16/2014,"152,401","10,837,135",1.41
TX,8/30/2014,"14,089",8/23/2014,"142,312","10,837,135",1.31
TX,9/6/2014,"13,798",8/30/2014,"141,662","10,837,135",1.31
TX,9/13/2014,"13,473",9/6/2014,"134,400","10,837,135",1.24
TX,9/20/2014,"13,141",9/13/2014,"135,787","10,837,135",1.25
TX,9/27/2014,"12,506",9/20/2014,"130,002","10,837,135",1.2
TX,10/4/2014,"14,482",9/27/2014,"130,981","10,837,135",1.21
TX,10/11/2014,"16,097",10/4/2014,"122,813","10,913,129",1.13
TX,10/18/2014,"14,377",10/11/2014,"125,241","10,913,129",1.15
TX,10/25/2014,"13,819",10/18/2014,"125,857","10,913,129",1.15
TX,11/1/2014,"14,054",10/25/2014,"126,003","10,913,129",1.15
TX,11/8/2014,"16,440",11/1/2014,"125,826","10,913,129",1.15
TX,11/15/2014,"15,335",11/8/2014,"123,156","10,913,129",1.13
TX,11/22/2014,"16,016",11/15/2014,"131,892","10,913,129",1.21
TX,11/29/2014,"9,703",11/22/2014,"121,246","10,913,129",1.11
TX,12/6/2014,"18,810",11/29/2014,"143,201","10,913,129",1.31
TX,12/13/2014,"14,828",12/6/2014,"125,895","10,913,129",1.15
TX,12/20/2014,"15,057",12/13/2014,"139,598","10,913,129",1.28
TX,12/27/2014,"8,049",12/20/2014,"120,152","10,913,129",1.1
TX,1/3/2015,"13,471",12/27/2014,"144,823","10,913,129",1.33
TX,1/10/2015,"25,783",1/3/2015,"140,712","10,913,129",1.29
TX,1/17/2015,"19,674",1/10/2015,"146,275","10,995,551",1.33
TX,1/24/2015,"17,117",1/17/2015,"138,914","10,995,551",1.26
TX,1/31/2015,"17,981",1/24/2015,"146,373","10,995,551",1.33
TX,2/7/2015,"20,418",1/31/2015,"140,062","10,995,551",1.27
TX,2/14/2015,"17,999",2/7/2015,"144,077","10,995,551",1.31
TX,2/21/2015,"17,182",2/14/2015,"146,142","10,995,551",1.33
TX,2/28/2015,"17,136",2/21/2015,"150,006","10,995,551",1.36
TX,3/7/2015,"19,075",2/28/2015,"151,623","10,995,551",1.38
TX,3/14/2015,"17,302",3/7/2015,"152,495","10,995,551",1.39
TX,3/21/2015,"19,337",3/14/2015,"159,807","10,995,551",1.45
TX,3/28/2015,"18,361",3/21/2015,"157,749","10,995,551",1.43
TX,4/4/2015,"18,356",3/28/2015,"158,860","10,995,551",1.44
TX,4/11/2015,"21,023",4/4/2015,"153,084","10,995,551",1.39
TX,4/18/2015,"18,860",4/11/2015,"164,025","11,081,594",1.48
TX,4/25/2015,"17,372",4/18/2015,"166,152","11,081,594",1.5
TX,5/2/2015,"17,228",4/25/2015,"166,681","11,081,594",1.5
TX,5/9/2015,"17,348",5/2/2015,"163,074","11,081,594",1.47
TX,5/16/2015,"17,021",5/9/2015,"165,610","11,081,594",1.49
TX,5/23/2015,"17,595",5/16/2015,"169,900","11,081,594",1.53
TX,5/30/2015,"15,015",5/23/2015,"169,756","11,081,594",1.53
TX,6/6/2015,"18,504",5/30/2015,"174,319","11,081,594",1.57
TX,6/13/2015,"16,929",6/6/2015,"169,953","11,081,594",1.53
TX,6/20/2015,"17,436",6/13/2015,"179,381","11,081,594",1.62
TX,6/27/2015,"18,491",6/20/2015,"180,742","11,081,594",1.63
TX,7/4/2015,"16,086",6/27/2015,"180,249","11,081,594",1.63
TX,7/11/2015,"19,605",7/4/2015,"179,996","11,181,963",1.61
TX,7/18/2015,"16,431",7/11/2015,"181,065","11,181,963",1.62
TX,7/25/2015,"16,270",7/18/2015,"187,330","11,181,963",1.68
TX,8/1/2015,"16,281",7/25/2015,"182,537","11,181,963",1.63
TX,8/8/2015,"16,692",8/1/2015,"183,428","11,181,963",1.64
TX,8/15/2015,"15,621",8/8/2015,"176,760","11,181,963",1.58
TX,8/22/2015,"15,367",8/15/2015,"181,437","11,181,963",1.62
TX,8/29/2015,"15,925",8/22/2015,"173,055","11,181,963",1.55
TX,9/5/2015,"17,045",8/29/2015,"170,253","11,181,963",1.52
TX,9/12/2015,"13,476",9/5/2015,"160,294","11,181,963",1.43
TX,9/19/2015,"15,661",9/12/2015,"169,115","11,181,963",1.51
TX,9/26/2015,"15,160",9/19/2015,"161,106","11,181,963",1.44
TX,10/3/2015,"16,483",9/26/2015,"163,862","11,181,963",1.47
TX,10/10/2015,"19,110",10/3/2015,"151,925","11,275,316",1.35
TX,10/17/2015,"16,217",10/10/2015,"159,631","11,275,316",1.42
TX,10/24/2015,"16,449",10/17/2015,"159,096","11,275,316",1.41
TX,10/31/2015,"16,966",10/24/2015,"162,024","11,275,316",1.44
TX,11/7/2015,"19,421",10/31/2015,"160,947","11,275,316",1.43
TX,11/14/2015,"16,301",11/7/2015,"160,704","11,275,316",1.43
TX,11/21/2015,"18,146",11/14/2015,"169,363","11,275,316",1.5
TX,11/28/2015,"10,921",11/21/2015,"157,411","11,275,316",1.4
TX,12/5/2015,"21,703",11/28/2015,"182,647","11,275,316",1.62
TX,12/12/2015,"17,168",12/5/2015,"162,238","11,275,316",1.44
TX,12/19/2015,"16,016",12/12/2015,"177,836","11,275,316",1.58
TX,12/26/2015,"10,933",12/19/2015,"160,420","11,275,316",1.42
TX,1/2/2016,"12,859",12/26/2015,"180,569","11,275,316",1.6
TX,1/9/2016,"26,258",1/2/2016,"179,040","11,181,963",1.6
TX,1/16/2016,"19,126",1/9/2016,"181,738","11,181,963",1.63
TX,1/23/2016,"16,838",1/16/2016,"175,742","11,181,963",1.57
TX,1/30/2016,"17,635",1/23/2016,"179,310","11,181,963",1.6
TX,2/6/2016,"19,309",1/30/2016,"174,000","11,181,963",1.56
TX,2/13/2016,"16,967",2/6/2016,"174,666","11,181,963",1.56
TX,2/20/2016,"15,977",2/13/2016,"174,913","11,181,963",1.56
TX,2/27/2016,"16,936",2/20/2016,"179,585","11,181,963",1.61
TX,3/5/2016,"17,643",2/27/2016,"176,560","11,181,963",1.58
TX,3/12/2016,"16,955",3/5/2016,"175,285","11,181,963",1.57
TX,3/19/2016,"16,306",3/12/2016,"179,249","11,181,963",1.6
TX,3/26/2016,"17,361",3/19/2016,"182,931","11,181,963",1.64
TX,4/2/2016,"16,427",3/26/2016,"178,756","11,181,963",1.6
TX,4/9/2016,"19,103",4/2/2016,"172,637","11,416,813",1.51
TX,4/16/2016,"16,564",4/9/2016,"176,156","11,416,813",1.54
TX,4/23/2016,"16,288",4/16/2016,"181,331","11,416,813",1.59
TX,4/30/2016,"16,133",4/23/2016,"178,982","11,416,813",1.57
TX,5/7/2016,"17,074",4/30/2016,"180,372","11,416,813",1.58
TX,5/14/2016,"17,346",5/7/2016,"175,739","11,416,813",1.54
TX,5/21/2016,"17,421",5/14/2016,"182,079","11,416,813",1.59
TX,5/28/2016,"17,101",5/21/2016,"179,596","11,416,813",1.57
TX,6/4/2016,"16,543",5/28/2016,"183,745","11,416,813",1.61
TX,6/11/2016,"17,624",6/4/2016,"179,754","11,416,813",1.57
TX,6/18/2016,"17,571",6/11/2016,"189,644","11,416,813",1.66
TX,6/25/2016,"17,181",6/18/2016,"191,054","11,416,813",1.67
TX,7/2/2016,"16,540",6/25/2016,"190,291","11,416,813",1.67
TX,7/9/2016,"16,075",7/2/2016,"183,095","11,464,998",1.6
TX,7/16/2016,"17,483",7/9/2016,"192,200","11,464,998",1.68
TX,7/23/2016,"15,838",7/16/2016,"192,281","11,464,998",1.68
TX,7/30/2016,"14,990",7/23/2016,"189,988","11,464,998",1.66
TX,8/6/2016,"16,186",7/30/2016,"188,295","11,464,998",1.64
TX,8/13/2016,"15,596",8/6/2016,"182,533","11,464,998",1.59
TX,8/20/2016,"15,210",8/13/2016,"185,052","11,464,998",1.61
TX,8/27/2016,"14,268",8/20/2016,"180,016","11,464,998",1.57
TX,9/3/2016,"15,707",8/27/2016,"177,039","11,464,998",1.54
TX,9/10/2016,"13,072",9/3/2016,"164,760","11,464,998",1.44
TX,9/17/2016,"14,817",9/10/2016,"169,348","11,464,998",1.48
TX,9/24/2016,"14,694",9/17/2016,"165,962","11,464,998",1.45
TX,10/1/2016,"14,323",9/24/2016,"163,680","11,464,998",1.43
TX,10/8/2016,"16,881",10/1/2016,"157,796","11,489,518",1.37
TX,10/15/2016,"14,613",10/8/2016,"154,824","11,489,518",1.35
TX,10/22/2016,"15,308",10/15/2016,"157,801","11,489,518",1.37
TX,10/29/2016,"15,832",10/22/2016,"152,512","11,489,518",1.33
TX,11/5/2016,"17,998",10/29/2016,"156,476","11,489,518",1.36
TX,11/12/2016,"15,829",11/5/2016,"147,819","11,489,518",1.29
TX,11/19/2016,"18,565",11/12/2016,"159,339","11,489,518",1.39
TX,11/26/2016,"10,877",11/19/2016,"147,856","11,489,518",1.29
TX,12/3/2016,"20,194",11/26/2016,"175,613","11,489,518",1.53
TX,12/10/2016,"15,509",12/3/2016,"151,207","11,489,518",1.32
TX,12/17/2016,"15,595",12/10/2016,"168,225","11,489,518",1.46
TX,12/24/2016,"13,720",12/17/2016,"153,582","11,489,518",1.34
TX,12/31/2016,"11,715",12/24/2016,"168,717","11,489,518",1.47
WI,1/1/2011,"26,758",12/25/2010,"125,152","2,592,916",4.83
WI,1/8/2011,"24,729",1/1/2011,"144,034","2,588,255",5.56
WI,1/15/2011,"18,089",1/8/2011,"140,272","2,588,255",5.42
WI,1/22/2011,"15,103",1/15/2011,"137,051","2,588,255",5.3
WI,1/29/2011,"16,046",1/22/2011,"138,034","2,588,255",5.33
WI,2/5/2011,"14,710",1/29/2011,"133,240","2,588,255",5.15
WI,2/12/2011,"16,505",2/5/2011,"136,580","2,588,255",5.28
WI,2/19/2011,"13,342",2/12/2011,"132,065","2,588,255",5.1
WI,2/26/2011,"12,866",2/19/2011,"127,181","2,588,255",4.91
WI,3/5/2011,"13,875",2/26/2011,"126,884","2,588,255",4.9
WI,3/12/2011,"13,877",3/5/2011,"124,636","2,588,255",4.82
WI,3/19/2011,"13,275",3/12/2011,"122,430","2,588,255",4.73
WI,3/26/2011,"13,819",3/19/2011,"118,897","2,588,255",4.59
WI,4/2/2011,"14,034",3/26/2011,"118,594","2,588,255",4.58
WI,4/9/2011,"14,470",4/2/2011,"112,679","2,591,154",4.35
WI,4/16/2011,"12,559",4/9/2011,"114,396","2,591,154",4.41
WI,4/23/2011,"12,472",4/16/2011,"105,363","2,591,154",4.07
WI,4/30/2011,"16,218",4/23/2011,"105,302","2,591,154",4.06
WI,5/7/2011,"12,662",4/30/2011,"100,032","2,591,154",3.86
WI,5/14/2011,"10,583",5/7/2011,"89,472","2,591,154",3.45
WI,5/21/2011,"11,602",5/14/2011,"85,698","2,591,154",3.31
WI,5/28/2011,"10,570",5/21/2011,"82,296","2,591,154",3.18
WI,6/4/2011,"12,098",5/28/2011,"81,268","2,591,154",3.14
WI,6/11/2011,"12,537",6/4/2011,"82,135","2,591,154",3.17
WI,6/18/2011,"12,567",6/11/2011,"81,752","2,591,154",3.16
WI,6/25/2011,"12,760",6/18/2011,"83,808","2,591,154",3.23
WI,7/2/2011,"11,928",6/25/2011,"84,771","2,591,154",3.27
WI,7/9/2011,"13,413",7/2/2011,"84,013","2,598,910",3.23
WI,7/16/2011,"12,520",7/9/2011,"95,814","2,598,910",3.69
WI,7/23/2011,"11,133",7/16/2011,"86,943","2,598,910",3.35
WI,7/30/2011,"10,653",7/23/2011,"86,642","2,598,910",3.33
WI,8/6/2011,"10,627",7/30/2011,"85,112","2,598,910",3.27
WI,8/13/2011,"10,364",8/6/2011,"87,147","2,598,910",3.35
WI,8/20/2011,"10,053",8/13/2011,"87,065","2,598,910",3.35
WI,8/27/2011,"9,847",8/20/2011,"81,919","2,598,910",3.15
WI,9/3/2011,"10,244",8/27/2011,"79,519","2,598,910",3.06
WI,9/10/2011,"9,369",9/3/2011,"78,028","2,598,910",3
WI,9/17/2011,"10,006",9/10/2011,"73,919","2,598,910",2.84
WI,9/24/2011,"9,431",9/17/2011,"70,185","2,598,910",2.7
WI,10/1/2011,"9,981",9/24/2011,"69,733","2,598,910",2.68
WI,10/8/2011,"8,445",10/1/2011,"65,612","2,609,284",2.51
WI,10/15/2011,"9,638",10/8/2011,"75,490","2,609,284",2.89
WI,10/22/2011,"10,929",10/15/2011,"74,776","2,609,284",2.87
WI,10/29/2011,"12,249",10/22/2011,"74,067","2,609,284",2.84
WI,11/5/2011,"12,695",10/29/2011,"75,936","2,609,284",2.91
WI,11/12/2011,"12,900",11/5/2011,"76,572","2,609,284",2.93
WI,11/19/2011,"12,971",11/12/2011,"79,587","2,609,284",3.05
WI,11/26/2011,"21,143",11/19/2011,"79,348","2,609,284",3.04
WI,12/3/2011,"19,557",11/26/2011,"102,912","2,609,284",3.94
WI,12/10/2011,"14,391",12/3/2011,"91,954","2,609,284",3.52
WI,12/17/2011,"14,014",12/10/2011,"102,823","2,609,284",3.94
WI,12/24/2011,"17,594",12/17/2011,"97,842","2,609,284",3.75
WI,12/31/2011,"27,797",12/24/2011,"106,347","2,609,284",4.08
WI,1/7/2012,"20,140",12/31/2011,"127,522","2,609,284",4.89
WI,1/14/2012,"16,205",1/7/2012,"127,980","2,618,373",4.89
WI,1/21/2012,"13,917",1/14/2012,"122,694","2,618,373",4.69
WI,1/28/2012,"15,001",1/21/2012,"125,258","2,618,373",4.78
WI,2/4/2012,"13,563",1/28/2012,"121,744","2,618,373",4.65
WI,2/11/2012,"12,978",2/4/2012,"119,985","2,618,373",4.58
WI,2/18/2012,"12,299",2/11/2012,"119,379","2,618,373",4.56
WI,2/25/2012,"11,586",2/18/2012,"117,538","2,618,373",4.49
WI,3/3/2012,"11,997",2/25/2012,"115,900","2,618,373",4.43
WI,3/10/2012,"12,074",3/3/2012,"115,063","2,618,373",4.39
WI,3/17/2012,"11,121",3/10/2012,"112,099","2,618,373",4.28
WI,3/24/2012,"10,954",3/17/2012,"107,432","2,618,373",4.1
WI,3/31/2012,"9,863",3/24/2012,"101,463","2,618,373",3.88
WI,4/7/2012,"12,022",3/31/2012,"95,344","2,618,373",3.64
WI,4/14/2012,"12,983",4/7/2012,"96,579","2,645,627",3.65
WI,4/21/2012,"11,142",4/14/2012,"92,495","2,645,627",3.5
WI,4/28/2012,"10,398",4/21/2012,"85,984","2,645,627",3.25
WI,5/5/2012,"9,993",4/28/2012,"81,479","2,645,627",3.08
WI,5/12/2012,"10,274",5/5/2012,"79,969","2,645,627",3.02
WI,5/19/2012,"9,034",5/12/2012,"76,266","2,645,627",2.88
WI,5/26/2012,"9,479",5/19/2012,"73,767","2,645,627",2.79
WI,6/2/2012,"9,692",5/26/2012,"72,088","2,645,627",2.72
WI,6/9/2012,"10,964",6/2/2012,"74,114","2,645,627",2.8
WI,6/16/2012,"12,092",6/9/2012,"72,580","2,645,627",2.74
WI,6/23/2012,"10,548",6/16/2012,"75,338","2,645,627",2.85
WI,6/30/2012,"9,885",6/23/2012,"75,810","2,645,627",2.87
WI,7/7/2012,"14,500",6/30/2012,"74,849","2,645,627",2.83
WI,7/14/2012,"13,168",7/7/2012,"90,831","2,651,170",3.43
WI,7/21/2012,"8,741",7/14/2012,"80,437","2,651,170",3.03
WI,7/28/2012,"8,639",7/21/2012,"77,862","2,651,170",2.94
WI,8/4/2012,"9,170",7/28/2012,"76,589","2,651,170",2.89
WI,8/11/2012,"8,959",8/4/2012,"76,273","2,651,170",2.88
WI,8/18/2012,"8,420",8/11/2012,"75,262","2,651,170",2.84
WI,8/25/2012,"8,570",8/18/2012,"73,156","2,651,170",2.76
WI,9/1/2012,"8,724",8/25/2012,"71,975","2,651,170",2.71
WI,9/8/2012,"9,712",9/1/2012,"70,314","2,651,170",2.65
WI,9/15/2012,"9,293",9/8/2012,"67,913","2,651,170",2.56
WI,9/22/2012,"8,081",9/15/2012,"63,641","2,651,170",2.4
WI,9/29/2012,"8,445",9/22/2012,"62,214","2,651,170",2.35
WI,10/6/2012,"9,555",9/29/2012,"61,156","2,651,170",2.31
WI,10/13/2012,"10,434",10/6/2012,"61,887","2,657,785",2.33
WI,10/20/2012,"10,458",10/13/2012,"65,543","2,657,785",2.47
WI,10/27/2012,"11,047",10/20/2012,"67,089","2,657,785",2.52
WI,11/3/2012,"10,862",10/27/2012,"67,093","2,657,785",2.52
WI,11/10/2012,"12,536",11/3/2012,"69,340","2,657,785",2.61
WI,11/17/2012,"12,702",11/10/2012,"70,318","2,657,785",2.65
WI,11/24/2012,"18,578",11/17/2012,"71,594","2,657,785",2.69
WI,12/1/2012,"18,487",11/24/2012,"91,389","2,657,785",3.44
WI,12/8/2012,"12,761",12/1/2012,"82,811","2,657,785",3.12
WI,12/15/2012,"13,069",12/8/2012,"85,142","2,657,785",3.2
WI,12/22/2012,"15,902",12/15/2012,"87,066","2,657,785",3.28
WI,12/29/2012,"22,650",12/22/2012,"91,217","2,657,785",3.43
WI,1/5/2013,"18,424",12/29/2012,"111,930","2,657,785",4.21
WI,1/12/2013,"15,241",1/5/2013,"113,287","2,666,071",4.25
WI,1/19/2013,"13,156",1/12/2013,"111,635","2,666,071",4.19
WI,1/26/2013,"12,386",1/19/2013,"108,149","2,666,071",4.06
WI,2/2/2013,"13,684",1/26/2013,"110,665","2,666,071",4.15
WI,2/9/2013,"12,014",2/2/2013,"109,060","2,666,071",4.09
WI,2/16/2013,"10,776",2/9/2013,"105,815","2,666,071",3.97
WI,2/23/2013,"11,392",2/16/2013,"104,088","2,666,071",3.9
WI,3/2/2013,"11,306",2/23/2013,"103,544","2,666,071",3.88
WI,3/9/2013,"11,227",3/2/2013,"102,113","2,666,071",3.83
WI,3/16/2013,"10,954",3/9/2013,"100,715","2,666,071",3.78
WI,3/23/2013,"10,700",3/16/2013,"98,479","2,666,071",3.69
WI,3/30/2013,"12,283",3/23/2013,"96,596","2,666,071",3.62
WI,4/6/2013,"13,407",3/30/2013,"96,773","2,666,071",3.63
WI,4/13/2013,"12,389",4/6/2013,"93,338","2,655,487",3.51
WI,4/20/2013,"12,413",4/13/2013,"94,453","2,655,487",3.56
WI,4/27/2013,"9,790",4/20/2013,"88,674","2,655,487",3.34
WI,5/4/2013,"9,060",4/27/2013,"80,267","2,655,487",3.02
WI,5/11/2013,"9,172",5/4/2013,"74,947","2,655,487",2.82
WI,5/18/2013,"8,722",5/11/2013,"69,691","2,655,487",2.62
WI,5/25/2013,"8,923",5/18/2013,"66,210","2,655,487",2.49
WI,6/1/2013,"9,052",5/25/2013,"64,698","2,655,487",2.44
WI,6/8/2013,"10,099",6/1/2013,"65,932","2,655,487",2.48
WI,6/15/2013,"10,617",6/8/2013,"63,616","2,655,487",2.4
WI,6/22/2013,"10,181",6/15/2013,"65,669","2,655,487",2.47
WI,6/29/2013,"8,897",6/22/2013,"67,623","2,655,487",2.55
WI,7/6/2013,"11,767",6/29/2013,"65,717","2,655,487",2.47
WI,7/13/2013,"10,758",7/6/2013,"73,007","2,664,252",2.74
WI,7/20/2013,"7,434",7/13/2013,"69,990","2,664,252",2.63
WI,7/27/2013,"7,613",7/20/2013,"66,536","2,664,252",2.5
WI,8/3/2013,"7,931",7/27/2013,"65,380","2,664,252",2.45
WI,8/10/2013,"7,725",8/3/2013,"64,614","2,664,252",2.43
WI,8/17/2013,"7,584",8/10/2013,"64,435","2,664,252",2.42
WI,8/24/2013,"7,499",8/17/2013,"62,895","2,664,252",2.36
WI,8/31/2013,"7,144",8/24/2013,"61,609","2,664,252",2.31
WI,9/7/2013,"7,182",8/31/2013,"59,031","2,664,252",2.22
WI,9/14/2013,"7,593",9/7/2013,"55,536","2,664,252",2.08
WI,9/21/2013,"7,219",9/14/2013,"53,066","2,664,252",1.99
WI,9/28/2013,"7,195",9/21/2013,"52,216","2,664,252",1.96
WI,10/5/2013,"7,991",9/28/2013,"51,845","2,664,252",1.95
WI,10/12/2013,"8,667",10/5/2013,"52,087","2,671,431",1.95
WI,10/19/2013,"8,663",10/12/2013,"55,406","2,671,431",2.07
WI,10/26/2013,"9,294",10/19/2013,"55,171","2,671,431",2.07
WI,11/2/2013,"9,520",10/26/2013,"56,532","2,671,431",2.12
WI,11/9/2013,"10,315",11/2/2013,"57,192","2,671,431",2.14
WI,11/16/2013,"10,050",11/9/2013,"58,826","2,671,431",2.2
WI,11/23/2013,"10,870",11/16/2013,"60,774","2,671,431",2.27
WI,11/30/2013,"15,290",11/23/2013,"61,798","2,671,431",2.31
WI,12/7/2013,"16,896",11/30/2013,"79,536","2,671,431",2.98
WI,12/14/2013,"12,075",12/7/2013,"75,067","2,671,431",2.81
WI,12/21/2013,"12,933",12/14/2013,"79,270","2,671,431",2.97
WI,12/28/2013,"16,577",12/21/2013,"77,713","2,671,431",2.91
WI,1/4/2014,"18,091",12/28/2013,"94,831","2,671,431",3.55
WI,1/11/2014,"15,514",1/4/2014,"102,910","2,702,000",3.81
WI,1/18/2014,"12,239",1/11/2014,"104,742","2,702,000",3.88
WI,1/25/2014,"9,720",1/18/2014,"95,478","2,702,000",3.53
WI,2/1/2014,"14,761",1/25/2014,"98,731","2,702,000",3.65
WI,2/8/2014,"13,952",2/1/2014,"102,939","2,702,000",3.81
WI,2/15/2014,"10,725",2/8/2014,"99,614","2,702,000",3.69
WI,2/22/2014,"9,784",2/15/2014,"95,604","2,702,000",3.54
WI,3/1/2014,"10,034",2/22/2014,"93,011","2,702,000",3.44
WI,3/8/2014,"10,864",3/1/2014,"92,368","2,702,000",3.42
WI,3/15/2014,"9,809",3/8/2014,"87,799","2,702,000",3.25
WI,3/22/2014,"9,784",3/15/2014,"87,212","2,702,000",3.23
WI,3/29/2014,"9,828",3/22/2014,"84,312","2,702,000",3.12
WI,4/5/2014,"10,029",3/29/2014,"82,285","2,702,000",3.05
WI,4/12/2014,"9,684",4/5/2014,"76,387","2,685,041",2.84
WI,4/19/2014,"9,538",4/12/2014,"71,357","2,685,041",2.66
WI,4/26/2014,"10,296",4/19/2014,"71,049","2,685,041",2.65
WI,5/3/2014,"9,229",4/26/2014,"65,711","2,685,041",2.45
WI,5/10/2014,"9,046",5/3/2014,"62,975","2,685,041",2.35
WI,5/17/2014,"7,176",5/10/2014,"56,079","2,685,041",2.09
WI,5/24/2014,"7,845",5/17/2014,"53,222","2,685,041",1.98
WI,5/31/2014,"7,364",5/24/2014,"50,748","2,685,041",1.89
WI,6/7/2014,"8,163",5/31/2014,"51,441","2,685,041",1.92
WI,6/14/2014,"8,705",6/7/2014,"50,024","2,685,041",1.86
WI,6/21/2014,"9,938",6/14/2014,"50,701","2,685,041",1.89
WI,6/28/2014,"8,875",6/21/2014,"54,337","2,685,041",2.02
WI,7/5/2014,"8,984",6/28/2014,"52,695","2,685,041",1.96
WI,7/12/2014,"10,135",7/5/2014,"58,489","2,691,663",2.17
WI,7/19/2014,"6,416",7/12/2014,"54,232","2,691,663",2.01
WI,7/26/2014,"6,442",7/19/2014,"52,041","2,691,663",1.93
WI,8/2/2014,"6,399",7/26/2014,"49,747","2,691,663",1.85
WI,8/9/2014,"6,235",8/2/2014,"50,455","2,691,663",1.87
WI,8/16/2014,"5,881",8/9/2014,"50,567","2,691,663",1.88
WI,8/23/2014,"6,020",8/16/2014,"49,694","2,691,663",1.85
WI,8/30/2014,"6,432",8/23/2014,"48,205","2,691,663",1.79
WI,9/6/2014,"6,151",8/30/2014,"46,789","2,691,663",1.74
WI,9/13/2014,"5,764",9/6/2014,"42,707","2,691,663",1.59
WI,9/20/2014,"5,271",9/13/2014,"38,704","2,691,663",1.44
WI,9/27/2014,"5,253",9/20/2014,"37,741","2,691,663",1.4
WI,10/4/2014,"6,665",9/27/2014,"36,905","2,691,663",1.37
WI,10/11/2014,"6,942",10/4/2014,"37,821","2,699,398",1.4
WI,10/18/2014,"6,589",10/11/2014,"37,660","2,699,398",1.4
WI,10/25/2014,"6,852",10/18/2014,"38,012","2,699,398",1.41
WI,11/1/2014,"7,537",10/25/2014,"39,658","2,699,398",1.47
WI,11/8/2014,"8,567",11/1/2014,"41,421","2,699,398",1.53
WI,11/15/2014,"9,781",11/8/2014,"42,071","2,699,398",1.56
WI,11/22/2014,"13,043",11/15/2014,"47,888","2,699,398",1.77
WI,11/29/2014,"15,336",11/22/2014,"51,666","2,699,398",1.91
WI,12/6/2014,"15,389",11/29/2014,"68,475","2,699,398",2.54
WI,12/13/2014,"8,924",12/6/2014,"61,454","2,699,398",2.28
WI,12/20/2014,"9,710",12/13/2014,"62,125","2,699,398",2.3
WI,12/27/2014,"16,761",12/20/2014,"62,501","2,699,398",2.32
WI,1/3/2015,"18,501",12/27/2014,"82,129","2,699,398",3.04
WI,1/10/2015,"18,888",1/3/2015,"91,288","2,709,333",3.37
WI,1/17/2015,"11,925",1/10/2015,"86,048","2,709,333",3.18
WI,1/24/2015,"9,053",1/17/2015,"79,041","2,709,333",2.92
WI,1/31/2015,"9,466",1/24/2015,"78,360","2,709,333",2.89
WI,2/7/2015,"9,908",1/31/2015,"77,508","2,709,333",2.86
WI,2/14/2015,"9,600",2/7/2015,"78,157","2,709,333",2.88
WI,2/21/2015,"9,764",2/14/2015,"78,283","2,709,333",2.89
WI,2/28/2015,"9,555",2/21/2015,"79,322","2,709,333",2.93
WI,3/7/2015,"8,304",2/28/2015,"78,148","2,709,333",2.88
WI,3/14/2015,"7,366",3/7/2015,"75,101","2,709,333",2.77
WI,3/21/2015,"7,169",3/14/2015,"70,244","2,709,333",2.59
WI,3/28/2015,"8,049",3/21/2015,"66,643","2,709,333",2.46
WI,4/4/2015,"9,450",3/28/2015,"63,008","2,709,333",2.33
WI,4/11/2015,"9,715",4/4/2015,"61,254","2,717,610",2.25
WI,4/18/2015,"7,709",4/11/2015,"57,086","2,717,610",2.1
WI,4/25/2015,"6,696",4/18/2015,"50,035","2,717,610",1.84
WI,5/2/2015,"6,814",4/25/2015,"46,898","2,717,610",1.73
WI,5/9/2015,"6,209",5/2/2015,"43,689","2,717,610",1.61
WI,5/16/2015,"6,298",5/9/2015,"41,352","2,717,610",1.52
WI,5/23/2015,"6,370",5/16/2015,"39,967","2,717,610",1.47
WI,5/30/2015,"6,454",5/23/2015,"39,078","2,717,610",1.44
WI,6/6/2015,"7,035",5/30/2015,"40,588","2,717,610",1.49
WI,6/13/2015,"7,744",6/6/2015,"39,051","2,717,610",1.44
WI,6/20/2015,"8,782",6/13/2015,"41,996","2,717,610",1.55
WI,6/27/2015,"6,857",6/20/2015,"43,282","2,717,610",1.59
WI,7/4/2015,"8,051",6/27/2015,"42,730","2,717,610",1.57
WI,7/11/2015,"8,121",7/4/2015,"45,867","2,727,539",1.68
WI,7/18/2015,"6,212",7/11/2015,"44,581","2,727,539",1.63
WI,7/25/2015,"5,357",7/18/2015,"42,973","2,727,539",1.58
WI,8/1/2015,"5,614",7/25/2015,"40,931","2,727,539",1.5
WI,8/8/2015,"5,936",8/1/2015,"42,113","2,727,539",1.54
WI,8/15/2015,"5,136",8/8/2015,"41,185","2,727,539",1.51
WI,8/22/2015,"5,358",8/15/2015,"39,885","2,727,539",1.46
WI,8/29/2015,"5,577",8/22/2015,"38,904","2,727,539",1.43
WI,9/5/2015,"5,890",8/29/2015,"37,310","2,727,539",1.37
WI,9/12/2015,"5,312",9/5/2015,"33,621","2,727,539",1.23
WI,9/19/2015,"5,034",9/12/2015,"32,591","2,727,539",1.19
WI,9/26/2015,"5,059",9/19/2015,"30,063","2,727,539",1.1
WI,10/3/2015,"5,287",9/26/2015,"29,873","2,727,539",1.1
WI,10/10/2015,"6,078",10/3/2015,"29,751","2,737,669",1.09
WI,10/17/2015,"5,737",10/10/2015,"30,147","2,737,669",1.1
WI,10/24/2015,"6,173",10/17/2015,"30,481","2,737,669",1.11
WI,10/31/2015,"7,717",10/24/2015,"31,365","2,737,669",1.15
WI,11/7/2015,"7,945",10/31/2015,"33,975","2,737,669",1.24
WI,11/14/2015,"7,370",11/7/2015,"34,061","2,737,669",1.24
WI,11/21/2015,"9,364",11/14/2015,"36,028","2,737,669",1.32
WI,11/28/2015,"14,041",11/21/2015,"38,755","2,737,669",1.42
WI,12/5/2015,"14,371",11/28/2015,"54,558","2,737,669",1.99
WI,12/12/2015,"8,176",12/5/2015,"49,253","2,737,669",1.8
WI,12/19/2015,"9,172",12/12/2015,"49,406","2,737,669",1.8
WI,12/26/2015,"12,089",12/19/2015,"49,655","2,737,669",1.81
WI,1/2/2016,"15,355",12/26/2015,"62,538","2,737,669",2.28
WI,1/9/2016,"17,385",1/2/2016,"77,772","2,746,572",2.83
WI,1/16/2016,"10,690",1/9/2016,"65,662","2,746,572",2.39
WI,1/23/2016,"10,171",1/16/2016,"65,963","2,746,572",2.4
WI,1/30/2016,"8,925",1/23/2016,"66,800","2,746,572",2.43
WI,2/6/2016,"8,311",1/30/2016,"64,135","2,746,572",2.34
WI,2/13/2016,"8,700",2/6/2016,"63,994","2,746,572",2.33
WI,2/20/2016,"8,010",2/13/2016,"63,223","2,746,572",2.3
WI,2/27/2016,"7,559",2/20/2016,"61,250","2,746,572",2.23
WI,3/5/2016,"7,650",2/27/2016,"59,922","2,746,572",2.18
WI,3/12/2016,"7,537",3/5/2016,"58,012","2,746,572",2.11
WI,3/19/2016,"7,159",3/12/2016,"55,690","2,746,572",2.03
WI,3/26/2016,"8,301",3/19/2016,"53,288","2,746,572",1.94
WI,4/2/2016,"8,907",3/26/2016,"49,968","2,746,572",1.82
WI,4/9/2016,"7,438",4/2/2016,"50,862","2,755,655",1.85
WI,4/16/2016,"5,912",4/9/2016,"45,024","2,755,655",1.63
WI,4/23/2016,"5,418",4/16/2016,"39,796","2,755,655",1.44
WI,4/30/2016,"5,330",4/23/2016,"36,380","2,755,655",1.32
WI,5/7/2016,"5,137",4/30/2016,"34,088","2,755,655",1.24
WI,5/14/2016,"5,148",5/7/2016,"31,928","2,755,655",1.16
WI,5/21/2016,"5,520",5/14/2016,"31,431","2,755,655",1.14
WI,5/28/2016,"5,283",5/21/2016,"30,862","2,755,655",1.12
WI,6/4/2016,"6,624",5/28/2016,"30,296","2,755,655",1.1
WI,6/11/2016,"7,488",6/4/2016,"32,520","2,755,655",1.18
WI,6/18/2016,"7,388",6/11/2016,"32,616","2,755,655",1.18
WI,6/25/2016,"5,793",6/18/2016,"34,657","2,755,655",1.26
WI,7/2/2016,"5,653",6/25/2016,"34,348","2,755,655",1.25
WI,7/9/2016,"7,705",7/2/2016,"34,328","2,763,155",1.24
WI,7/16/2016,"6,185",7/9/2016,"37,909","2,763,155",1.37
WI,7/23/2016,"4,810",7/16/2016,"35,675","2,763,155",1.29
WI,7/30/2016,"5,074",7/23/2016,"34,749","2,763,155",1.26
WI,8/6/2016,"5,354",7/30/2016,"34,845","2,763,155",1.26
WI,8/13/2016,"4,626",8/6/2016,"34,647","2,763,155",1.25
WI,8/20/2016,"4,428",8/13/2016,"33,488","2,763,155",1.21
WI,8/27/2016,"4,323",8/20/2016,"31,809","2,763,155",1.15
WI,9/3/2016,"4,742",8/27/2016,"31,255","2,763,155",1.13
WI,9/10/2016,"5,010",9/3/2016,"29,588","2,763,155",1.07
WI,9/17/2016,"4,606",9/10/2016,"28,283","2,763,155",1.02
WI,9/24/2016,"4,316",9/17/2016,"26,064","2,763,155",0.94
WI,10/1/2016,"4,410",9/24/2016,"24,937","2,763,155",0.9
WI,10/8/2016,"4,870",10/1/2016,"25,283","2,772,828",0.91
WI,10/15/2016,"4,382",10/8/2016,"25,015","2,772,828",0.9
WI,10/22/2016,"4,587",10/15/2016,"25,316","2,772,828",0.91
WI,10/29/2016,"6,019",10/22/2016,"25,884","2,772,828",0.93
WI,11/5/2016,"6,267",10/29/2016,"27,726","2,772,828",1
WI,11/12/2016,"5,952",11/5/2016,"28,175","2,772,828",1.02
WI,11/19/2016,"6,884",11/12/2016,"29,721","2,772,828",1.07
WI,11/26/2016,"11,663",11/19/2016,"30,424","2,772,828",1.1
WI,12/3/2016,"12,637",11/26/2016,"44,549","2,772,828",1.61
WI,12/10/2016,"8,510",12/3/2016,"40,938","2,772,828",1.48
WI,12/17/2016,"10,593",12/10/2016,"43,259","2,772,828",1.56
WI,12/24/2016,"11,355",12/17/2016,"48,650","2,772,828",1.75
WI,12/31/2016,"13,305",12/24/2016,"51,594","2,772,828",1.86
